country_code,Rank,HDI,IHDI,Country,Year,democracy_eiu,democracy_eiu_normalized
CHE,1,0.967,0.891,Switzerland,2023,9.14,0.914
NOR,2,0.966,0.903,Norway,2023,9.81,0.9810000000000001
ISL,3,0.959,0.91,Iceland,2023,9.45,0.945
HKG,4,0.956,0.84,Hong Kong,2023,5.24,0.524
DNK,5,0.952,0.898,Denmark,2023,9.28,0.9279999999999999
SWE,5,0.952,0.878,Sweden,2023,9.39,0.9390000000000001
DEU,7,0.95,0.881,Germany,2023,8.8,0.8800000000000001
IRL,7,0.95,0.886,Ireland,2023,9.19,0.9189999999999999
SGP,9,0.949,0.825,Singapore,2023,6.18,0.618
AUS,10,0.946,0.86,Australia,2023,8.66,0.866
NLD,10,0.946,0.885,Netherlands,2023,9.0,0.9
BEL,12,0.942,0.878,Belgium,2023,7.64,0.764
FIN,12,0.942,0.886,Finland,2023,9.3,0.93
LIE,12,0.942,..,Liechtenstein,2023,,
GBR,15,0.94,0.865,United Kingdom,2023,8.28,0.828
NZL,16,0.939,0.856,New Zealand,2023,9.61,0.961
ARE,17,0.937,0.859,United Arab Emirates,2023,3.01,0.301
CAN,18,0.935,0.864,Canada,2023,8.69,0.869
KOR,19,0.929,0.841,South Korea,2023,8.09,0.8089999999999999
LUX,20,0.927,0.839,Luxembourg,2023,8.81,0.881
USA,20,0.927,0.823,United States,2023,7.85,0.7849999999999999
AUT,22,0.926,0.859,Austria,2023,8.28,0.828
SVN,22,0.926,0.882,Slovenia,2023,7.75,0.775
JPN,24,0.92,0.844,Japan,2023,8.4,0.8400000000000001
ISR,25,0.915,0.808,Israel,2023,7.8,0.78
MLT,25,0.915,0.837,Malta,2023,7.93,0.7929999999999999
ESP,27,0.911,0.796,Spain,2023,8.07,0.807
FRA,28,0.91,0.82,France,2023,8.07,0.807
CYP,29,0.907,0.827,Cyprus,2023,7.38,0.738
ITA,30,0.906,0.802,Italy,2023,7.69,0.769
EST,31,0.899,0.835,Estonia,2023,7.96,0.796
CZE,32,0.895,0.848,Czechia,2023,7.97,0.7969999999999999
GRC,33,0.893,0.801,Greece,2023,8.14,0.8140000000000001
BHR,34,0.888,..,Bahrain,2023,2.52,0.252
AND,35,0.884,0.81,Andorra,2023,,
POL,36,0.881,0.797,Poland,2023,7.18,0.718
LVA,37,0.879,0.802,Latvia,2023,7.38,0.738
LTU,37,0.879,0.795,Lithuania,2023,7.31,0.731
HRV,39,0.878,0.817,Croatia,2023,6.5,0.65
QAT,40,0.875,..,Qatar,2023,3.65,0.365
SAU,40,0.875,..,Saudi Arabia,2023,,
PRT,42,0.874,0.774,Portugal,2023,7.75,0.775
SMR,43,0.867,..,San Marino,2023,,
CHL,44,0.86,0.704,Chile,2023,7.98,0.798
SVK,45,0.855,0.808,Slovakia,2023,7.07,0.7070000000000001
TUR,45,0.855,0.717,Turkey,2023,4.33,0.433
HUN,47,0.851,0.8,Hungary,2023,6.72,0.6719999999999999
ARG,48,0.849,0.747,Argentina,2023,6.62,0.662
KWT,49,0.847,..,Kuwait,2023,3.5,0.35
MNE,50,0.844,0.756,Montenegro,2023,6.67,0.667
KNA,51,0.838,..,Saint Kitts and Nevis,2023,,
URY,52,0.83,0.72,Uruguay,2023,8.66,0.866
ROU,53,0.827,0.739,Romania,2023,6.45,0.645
ATG,54,0.826,..,Antigua and Barbuda,2023,,
BRN,55,0.823,0.727,Brunei Darussalam,2023,,
RUS,56,0.821,0.747,Russia,2023,2.22,0.22200000000000003
BHS,57,0.82,0.663,Bahamas,2023,,
PAN,57,0.82,0.647,Panama,2023,6.91,0.6910000000000001
OMN,59,0.819,0.721,Oman,2023,3.12,0.312
GEO,60,0.814,0.728,Georgia,2023,5.2,0.52
TTO,60,0.814,..,Trinidad and Tobago,2023,7.16,0.716
BRB,62,0.809,0.617,Barbados,2023,,
MYS,63,0.807,0.692,Malaysia,2023,7.29,0.729
CRI,64,0.806,0.656,Costa Rica,2023,8.29,0.829
SRB,65,0.805,0.74,Serbia,2023,6.33,0.633
THA,66,0.803,0.681,Thailand,2023,6.35,0.635
KAZ,67,0.802,0.734,Kazakhstan,2023,3.08,0.308
SYC,67,0.802,0.715,Seychelles,2023,,
BLR,69,0.801,0.75,Belarus,2023,,
BGR,70,0.799,0.703,Bulgaria,2023,6.41,0.641
PLW,71,0.797,0.633,Palau,2023,,
MUS,72,0.796,0.625,Mauritius,2023,8.14,0.8140000000000001
GRD,73,0.793,..,Grenada,2023,,
ALB,74,0.789,0.687,Albania,2023,6.28,0.628
CHN,75,0.788,0.662,China,2023,2.12,0.21200000000000002
ARM,76,0.786,0.721,Armenia,2023,5.42,0.542
MEX,77,0.781,0.641,Mexico,2023,5.14,0.514
IRN,78,0.78,0.584,Iran (Islamic Republic of),2023,,
LKA,78,0.78,0.63,Sri Lanka,2023,6.17,0.617
BIH,80,0.779,0.667,Bosnia and Herzegovina,2023,5.0,0.5
VCT,81,0.772,..,Saint Vincent and the Grenadines,2023,,
DOM,82,0.766,0.627,Dominican Republic,2023,6.44,0.644
ECU,83,0.765,0.63,Ecuador,2023,5.41,0.541
MKD,83,0.765,0.679,North Macedonia,2023,6.03,0.603
CUB,85,0.764,..,Cuba,2023,2.65,0.265
MDA,86,0.763,0.698,Moldova,2023,6.23,0.623
MDV,87,0.762,0.597,Maldives,2023,,
PER,87,0.762,0.607,Peru,2023,5.81,0.581
AZE,89,0.76,0.707,Azerbaijan,2023,2.8,0.27999999999999997
BRA,89,0.76,0.577,Brazil,2023,6.68,0.6679999999999999
COL,91,0.758,0.568,Colombia,2023,6.55,0.655
LBY,92,0.746,..,Libya,2023,,
DZA,93,0.745,0.588,Algeria,2023,3.66,0.366
TKM,94,0.744,..,Turkmenistan,2023,,
GUY,95,0.742,..,Guyana,2023,6.26,0.626
MNG,96,0.741,0.645,Mongolia,2023,6.48,0.648
DMA,97,0.74,..,Dominica,2023,,
TON,98,0.739,0.654,Tonga,2023,,
JOR,99,0.736,0.615,Jordan,2023,3.04,0.304
UKR,100,0.734,0.676,Ukraine,2023,5.06,0.506
TUN,101,0.732,0.574,Tunisia,2023,5.51,0.5509999999999999
MHL,102,0.731,0.62,Marshall Islands,2023,,
PRY,102,0.731,0.582,Paraguay,2023,6.0,0.6
FJI,104,0.729,0.632,Fiji,2023,5.55,0.5549999999999999
EGY,105,0.728,0.561,Egypt,2023,2.93,0.29300000000000004
UZB,106,0.727,..,Uzbekistan,2023,,
VNM,107,0.726,0.607,Vietnam,2023,2.62,0.262
LCA,108,0.725,0.539,Saint Lucia,2023,,
LBN,109,0.723,..,Lebanon,2023,3.56,0.356
ZAF,110,0.717,0.462,South Africa,2023,7.05,0.705
PSE,111,0.716,0.587,Palestine,2023,3.47,0.34700000000000003
IDN,112,0.713,0.588,Indonesia,2023,6.53,0.653
PHL,113,0.71,0.59,Philippines,2023,6.66,0.666
BWA,114,0.708,0.488,Botswana,2023,7.73,0.773
JAM,115,0.706,0.584,Jamaica,2023,7.06,0.706
WSM,116,0.702,0.602,Samoa,2023,,
KGZ,117,0.701,0.634,Kyrgyzstan,2023,3.7,0.37
BLZ,118,0.7,..,Belize,2023,,
VEN,119,0.699,0.6,Venezuela,2023,2.31,0.231
BOL,120,0.698,0.56,Bolivia,2023,4.2,0.42000000000000004
MAR,120,0.698,0.508,Morocco,2023,5.04,0.504
NRU,122,0.696,..,Nauru,2023,,
GAB,123,0.693,0.526,Gabon,2023,2.18,0.21800000000000003
SUR,124,0.69,..,Suriname,2023,6.88,0.688
BTN,125,0.681,0.465,Bhutan,2023,5.54,0.554
TJK,126,0.679,0.585,Tajikistan,2023,,
SLV,127,0.674,0.548,El Salvador,2023,4.71,0.471
IRQ,128,0.673,0.519,Iraq,2023,2.88,0.288
BGD,129,0.67,0.47,Bangladesh,2023,5.87,0.587
NIC,130,0.669,0.507,Nicaragua,2023,2.26,0.22599999999999998
CPV,131,0.661,0.471,Cape Verde,2023,7.65,0.765
TUV,132,0.653,0.545,Tuvalu,2023,,
GNQ,133,0.65,..,Equatorial Guinea,2023,,
IND,134,0.644,0.444,India,2023,7.18,0.718
FSM,135,0.634,..,Micronesia (Federated States of),2023,,
GTM,136,0.629,0.453,Guatemala,2023,4.47,0.44699999999999995
KIR,137,0.628,0.528,Kiribati,2023,,
HND,138,0.624,0.48,Honduras,2023,4.98,0.49800000000000005
LAO,139,0.62,0.466,Lao People's Democratic Republic,2023,,
VUT,140,0.614,..,Vanuatu,2023,,
STP,141,0.613,0.459,Sao Tome and Principe,2023,,
SWZ,142,0.61,0.372,Eswatini,2023,2.78,0.27799999999999997
NAM,142,0.61,0.399,Namibia,2023,6.52,0.6519999999999999
MMR,144,0.608,0.475,Myanmar,2023,,
GHA,145,0.602,0.378,Ghana,2023,6.3,0.63
KEN,146,0.601,0.438,Kenya,2023,5.05,0.505
NPL,146,0.601,0.424,Nepal,2023,4.6,0.45999999999999996
KHM,148,0.6,0.438,Cambodia,2023,3.05,0.305
COG,149,0.593,0.385,Congo,2023,2.79,0.279
AGO,150,0.591,0.344,Angola,2023,4.18,0.418
CMR,151,0.587,0.362,Cameroon,2023,2.56,0.256
COM,152,0.586,0.334,Comoros,2023,3.04,0.304
ZMB,153,0.569,0.344,Zambia,2023,5.8,0.58
PNG,154,0.568,0.407,Papua New Guinea,2023,6.03,0.603
TLS,155,0.566,0.407,East Timor,2023,7.06,0.706
SLB,156,0.562,..,Solomon Islands,2023,,
SYR,157,0.557,..,Syrian Arab Republic,2023,,
HTI,158,0.552,0.335,Haiti,2023,2.81,0.281
UGA,159,0.55,0.377,Uganda,2023,4.49,0.449
ZWE,159,0.55,0.37,Zimbabwe,2023,3.04,0.304
NGA,161,0.548,0.369,Nigeria,2023,4.23,0.42300000000000004
RWA,161,0.548,0.377,Rwanda,2023,3.3,0.32999999999999996
TGO,163,0.547,0.345,Togo,2023,2.99,0.29900000000000004
MRT,164,0.54,0.351,Mauritania,2023,4.14,0.414
PAK,164,0.54,0.36,Pakistan,2023,3.25,0.325
CIV,166,0.534,0.318,Cote d'Ivoire,2023,4.22,0.422
TZA,167,0.532,0.372,Tanzania,2023,5.35,0.5349999999999999
LSO,168,0.521,0.332,Lesotho,2023,6.06,0.606
SEN,169,0.517,0.334,Senegal,2023,5.48,0.548
SDN,170,0.516,0.331,Sudan,2023,,
DJI,171,0.515,0.341,Djibouti,2023,2.7,0.27
MWI,172,0.508,0.359,Malawi,2023,5.85,0.585
BEN,173,0.504,0.309,Benin,2023,4.68,0.46799999999999997
GMB,174,0.495,0.311,Gambia,2023,4.47,0.44699999999999995
ERI,175,0.493,..,Eritrea,2023,,
ETH,176,0.492,0.324,Ethiopia,2023,3.37,0.337
LBR,177,0.487,0.31,Liberia,2023,5.57,0.557
MDG,177,0.487,0.328,Madagascar,2023,5.26,0.526
GNB,179,0.483,0.31,Guinea-Bissau,2023,2.45,0.24500000000000002
COD,180,0.481,0.315,Congo (Democratic Republic of the),2023,,
GIN,181,0.471,0.285,Guinea,2023,2.21,0.221
AFG,182,0.462,0.3,Afghanistan,2023,,
MOZ,183,0.461,0.27,Mozambique,2023,3.51,0.351
SLE,184,0.458,0.277,Sierra Leone,2023,4.32,0.43200000000000005
BFA,185,0.438,0.261,Burkina Faso,2023,2.73,0.273
YEM,186,0.424,0.285,Yemen,2023,,
BDI,187,0.42,0.273,Burundi,2023,2.13,0.213
MLI,188,0.41,0.277,Mali,2023,2.58,0.258
TCD,189,0.394,0.238,Chad,2023,,
NER,189,0.394,0.262,Niger,2023,2.37,0.23700000000000002
CAF,191,0.387,0.237,Central African Republic,2023,,
SSD,192,0.381,0.222,South Sudan,2023,,
SOM,193,0.38,..,Somalia,2023,,
TWN,,,,Taiwan,2023,8.92,0.892
